<?xml version="1.0" encoding="utf-8" ?>
<dwsync>
<file name="kinetic-v3.9.7.min.js" server="www.robtown.com/road/" local="129829606303292293" remote="129830380800000000" Dst="2" />
<file name="addMapFeatures.js" server="www.robtown.com/road/" local="129846013542868169" remote="129846093000000000" Dst="2" />
<file name="writeMessages.js" server="www.robtown.com/road/" local="129846013962902193" remote="129846092400000000" Dst="2" />
<file name="synchdivscroll.js" server="www.robtown.com/road/" local="129832975692616165" remote="129832991400000000" Dst="2" />
<file name="test.json" server="www.robtown.com/road/" local="129834604002645815" remote="129834643800000000" Dst="2" />
<file name="getItems.js" server="www.robtown.com/road/" local="129842692928549190" remote="129846092400000000" Dst="2" />
<file name="scale.js" server="www.robtown.com/road/" local="129841616644798821" remote="129846093000000000" Dst="2" />
<file name="startUp.js" server="www.robtown.com/road/" local="129841822050512218" remote="129846093000000000" Dst="2" />
<file name="moveBar2.js" server="www.robtown.com/road/" local="129839039848750899" remote="129846093000000000" Dst="2" />
<file name="drawCanvas.js" server="www.robtown.com/road/" local="129846008420395180" remote="129846093000000000" Dst="2" />
<file name="jquery-ui-1.8.21.custom.min.js" server="www.robtown.com/road/" local="129835752889658712" remote="129846093000000000" Dst="2" />
<file name="Ajax.js" server="www.robtown.com/road/" local="129846117625788284" remote="129846117600000000" Dst="2" />
</dwsync>