[{"ROUTE_NAME":"I 29 N"},{"ROUTE_NAME":"I 35 N"},{"ROUTE_NAME":"I 80 E"},{"ROUTE_NAME":"I 129 E"},{"ROUTE_NAME":"I 235 E"},{"ROUTE_NAME":"I 280 E"},{"ROUTE_NAME":"I 380 N"},{"ROUTE_NAME":"I 480 E"},{"ROUTE_NAME":"I 680 E"},{"ROUTE_NAME":"US 6 E"},{"ROUTE_NAME":"US 18 E"},{"ROUTE_NAME":"IA 13 N"},{"ROUTE_NAME":"US 20 E"},{"ROUTE_NAME":"US 30 E"},{"ROUTE_NAME":"US 34 E"},{"ROUTE_NAME":"US 52 N"},{"ROUTE_NAME":"US 59 N"},{"ROUTE_NAME":"US 61 N"},{"ROUTE_NAME":"US 63 N"},{"ROUTE_NAME":"US 65 N"},{"ROUTE_NAME":"US 67 N"},{"ROUTE_NAME":"US 69 N"},{"ROUTE_NAME":"US 71 N"},{"ROUTE_NAME":"US 75 N"},{"ROUTE_NAME":"US 77 N"},{"ROUTE_NAME":"US 136 E"},{"ROUTE_NAME":"US 151 N"},{"ROUTE_NAME":"US 169 N"},{"ROUTE_NAME":"US 275 N"},{"ROUTE_NAME":"IA 1 N"},{"ROUTE_NAME":"IA 2 E"},{"ROUTE_NAME":"IA 3 E"},{"ROUTE_NAME":"IA 38 N"},{"ROUTE_NAME":"IA 4 N"},{"ROUTE_NAME":"IA 5 N"},{"ROUTE_NAME":"IA 7 E"},{"ROUTE_NAME":"IA 8 E"},{"ROUTE_NAME":"IA 9 E"},{"ROUTE_NAME":"IA 10 E"},{"ROUTE_NAME":"IA 12 N"},{"ROUTE_NAME":"IA 14 N"},{"ROUTE_NAME":"IA 15 N"},{"ROUTE_NAME":"IA 16 E"},{"ROUTE_NAME":"IA 17 N"},{"ROUTE_NAME":"IA 21 N"},{"ROUTE_NAME":"IA 22 E"},{"ROUTE_NAME":"IA 24 E"},{"ROUTE_NAME":"IA 25 N"},{"ROUTE_NAME":"IA 26 N"},{"ROUTE_NAME":"IA 27 N"},{"ROUTE_NAME":"IA 58 N"},{"ROUTE_NAME":"IA 28 N"},{"ROUTE_NAME":"IA 31 N"},{"ROUTE_NAME":"IA 32 N"},{"ROUTE_NAME":"IA 37 E"},{"ROUTE_NAME":"IA 39 N"},{"ROUTE_NAME":"IA 44 E"},{"ROUTE_NAME":"IA 48 N"},{"ROUTE_NAME":"IA 51 N"},{"ROUTE_NAME":"IA 56 E"},{"ROUTE_NAME":"IA 57 E"},{"ROUTE_NAME":"IA 60 N"},{"ROUTE_NAME":"IA 62 N"},{"ROUTE_NAME":"IA 64 E"},{"ROUTE_NAME":"IA 70 N"},{"ROUTE_NAME":"IA 76 N"},{"ROUTE_NAME":"IA 78 E"},{"ROUTE_NAME":"IA 81 N"},{"ROUTE_NAME":"IA 83 E"},{"ROUTE_NAME":"IA 85 E"},{"ROUTE_NAME":"IA 86 N"},{"ROUTE_NAME":"IA 92 E"},{"ROUTE_NAME":"IA 93 E"},{"ROUTE_NAME":"IA 96 E"},{"ROUTE_NAME":"IA 98 N"},{"ROUTE_NAME":"IA 100 E"},{"ROUTE_NAME":"IA 102 E"},{"ROUTE_NAME":"IA 110 N"},{"ROUTE_NAME":"IA 116 N"},{"ROUTE_NAME":"IA 117 N"},{"ROUTE_NAME":"IA 122 E"},{"ROUTE_NAME":"IA 127 E"},{"ROUTE_NAME":"IA 128 E"},{"ROUTE_NAME":"IA 130 E"},{"ROUTE_NAME":"IA 136 N"},{"ROUTE_NAME":"IA 137 N"},{"ROUTE_NAME":"IA 139 N"},{"ROUTE_NAME":"IA 140 N"},{"ROUTE_NAME":"IA 141 E"},{"ROUTE_NAME":"IA 143 N"},{"ROUTE_NAME":"IA 144 N"},{"ROUTE_NAME":"IA 146 N"},{"ROUTE_NAME":"IA 148 N"},{"ROUTE_NAME":"IA 149 N"},{"ROUTE_NAME":"IA 150 N"},{"ROUTE_NAME":"IA 152 E"},{"ROUTE_NAME":"IA 160 E"},{"ROUTE_NAME":"IA 163 E"},{"ROUTE_NAME":"IA 165 E"},{"ROUTE_NAME":"IA 173 N"},{"ROUTE_NAME":"IA 175 E"},{"ROUTE_NAME":"IA 182 N"},{"ROUTE_NAME":"IA 183 N"},{"ROUTE_NAME":"IA 187 N"},{"ROUTE_NAME":"IA 188 E"},{"ROUTE_NAME":"IA 191 N"},{"ROUTE_NAME":"IA 192 N"},{"ROUTE_NAME":"IA 196 N"},{"ROUTE_NAME":"IA 202 N"},{"ROUTE_NAME":"IA 210 E"},{"ROUTE_NAME":"IA 212 E"},{"ROUTE_NAME":"IA 220 E"},{"ROUTE_NAME":"IA 224 N"},{"ROUTE_NAME":"IA 281 E"},{"ROUTE_NAME":"IA 296 N"},{"ROUTE_NAME":"IA 316 N"},{"ROUTE_NAME":"IA 330 N"},{"ROUTE_NAME":"IA 333 E"},{"ROUTE_NAME":"IA 346 E"},{"ROUTE_NAME":"US 218 N"},{"ROUTE_NAME":"IA 370 E"},{"ROUTE_NAME":"IA 376 N"},{"ROUTE_NAME":"IA 415 N"},{"ROUTE_NAME":"IA 438 N"},{"ROUTE_NAME":"IA 922 N"},{"ROUTE_NAME":"IA 926 E"},{"ROUTE_NAME":"IA 930 E"},{"ROUTE_NAME":"IA 934 E"},{"ROUTE_NAME":"IA 946 N"},{"ROUTE_NAME":"IA 965 N"},{"ROUTE_NAME":"IA 404 N"},{"ROUTE_NAME":"IA 368 N"},{"ROUTE_NAME":"IA 431 E"},{"ROUTE_NAME":"I 74 E"},{"ROUTE_NAME":"IA 904 E"},{"ROUTE_NAME":"US 530 N"},{"ROUTE_NAME":"IA 23 N"},{"ROUTE_NAME":"IA 463 N"},{"ROUTE_NAME":"IA 450 E"}]